accuracy,loss,val_accuracy,val_loss
0.893666684627533,0.3620372414588928,0.9553333520889282,0.1557844579219818
0.9598703980445862,0.1319614052772522,0.971833348274231,0.0962187871336937
