accuracy,loss,val_accuracy,val_loss,learning_rate
0.893666684627533,0.3620372414588928,0.9553333520889282,0.1557844579219818,0.0010000000474974513
0.9598703980445862,0.1319614052772522,0.971833348274231,0.0962187871336937,0.0010000000474974513
0.9737407565116882,0.08570846915245056,0.9788333177566528,0.07565998286008835,0.0010000000474974513
0.9807222485542297,0.06363236159086227,0.981333315372467,0.06279971450567245,0.0010000000474974513
0.9849073886871338,0.04893322288990021,0.9816666841506958,0.05957173556089401,0.0010000000474974513
0.9877407550811768,0.04028308391571045,0.9788333177566528,0.07297792285680771,0.0010000000474974513
0.9893518686294556,0.03416028618812561,0.9850000143051147,0.05463642254471779,0.0010000000474974513
0.991777777671814,0.02685137651860714,0.9853333234786987,0.04874349385499954,0.0010000000474974513
