accuracy,loss,val_accuracy,val_loss
0.9258148074150085,0.24688269197940826,0.965666651725769,0.10977493971586227
0.9723888635635376,0.08886595070362091,0.9783333539962769,0.07186024636030197
