accuracy,loss,val_accuracy,val_loss
0.9126111268997192,0.29149752855300903,0.9601666927337646,0.13301463425159454
0.9674259424209595,0.10554848611354828,0.9766666889190674,0.08311070501804352
