accuracy,loss,val_accuracy,val_loss,learning_rate
0.8246851563453674,0.652711033821106,0.9351666569709778,0.2172171026468277,0.0011339000193402171
0.9496851563453674,0.1646101176738739,0.9693333506584167,0.1022200658917427,0.002167799975723028
0.9702407121658325,0.09669175744056702,0.9763333201408386,0.08309764415025711,0.003201700048521161
0.9766481518745422,0.07516961544752121,0.9776666760444641,0.06963551789522171,0.004235600121319294
0.9787222146987915,0.06643262505531311,0.9781666398048401,0.07748571038246155,0.004730499815195799
0.9845740795135498,0.04978395253419876,0.9836666584014893,0.06084258481860161,0.0036965999752283096
0.9893888831138611,0.03366149589419365,0.9854999780654907,0.05478625372052193,0.0026626999024301767
0.9938333630561829,0.019570758566260338,0.987666666507721,0.04348873347043991,0.0016287999460473657
